Country Name,1994,1995,1996,1997,1998,1999,2000,2001,2002,2003,2004,2005,2006,2007,2008,2009,2010,2011,2012,2013,2014,2015,2016,2017,2018
Aruba,,,,,,,,,,,,,,,,,,,,,,,,223502,274280
Africa Eastern and Southern,11775500,12153400,13178400,13456500,13234700,14038500,14963609,14546112,14462573,15802323,17562611,20661751,22039609,23295972,23988552,23800085,30374164.935204,33507824.2724355,35838679.0148015,35112457818,36350758.9454475,39154692,41553429,45423814.08,52613964.0777057
Afghanistan,238400,250400,255600,89600,52700,140200,149705,,,,,,,,,,1999127,2279341.17952861,1737962.12640656,2044188,2209428,1929907,1917924,1647425,1125367
Africa Western and Central,3167100,3215200,2855900,3020900,3007600,3083500,2949248,2627404,2072438,2081206,2604956,,,,,,7817344.20269785,9140452.12859853,9570161.78756696,8677884,8030237.16965056,8696300,8129874,8837017,12337766.2823005
Angola,519000,552500,585000,555000,552900,293800,235448,193317,189619,198253,222032,239795,262666,277361,283887,274869,1010194,987798,1132424,1321872,1409952,1244491,1482546,1375523,1516628
Albania,9100,13000,29000,55400,21200,91500,136622,146273,137569,158888,179543,195702,213315,238913,243691,231263,768533,829778.923870707,814339.730278696,865848,151632,,26634,204090,303137
Andorra,,,,,,,,,,,,,,,,,,,,,,,,,
Arab World,35968300,35918200,38024200,39692100,40403700,43269900,45723758,46769231,49871837,52465002,60950501,43608649,47875367,51722644,53542019,95372047,126796491.879128,135837641.389789,152014159.66127,166209279.140784,181627311.076906,195957046,214318723,223496214.05,232670166.889823
United Arab Emirates,3368700,3550500,4063500,4720400,5263700,5840300,6893085,7675845,9667005,11609840,14314326,,,,,31761631,44948143.8494121,50342891.8028694,59948766.6976478,68151865,75608196,84343562,91763598,95306195,95758342
Argentina,6260700,6641700,7913000,8599800,8446500,9191900,8915627,5808770,5662905,6036360,6795484,6938436,6611915,7036784,6147290,5694547,9025035.31187357,8590839.84977289,9375669.73963746,11951276.8223926,12121912818,14245183,15076354,16749271,18084553
Armenia,,,358100,367800,365300,343100,298232,369164,407777,366581,509904,555795,605817,560626,623688,653320,704753,392312,364733,45000,0,,,,53259
American Samoa,,,,,,,,,,,,,,,,,49772.7886953707,50641.7227722772,56096.9796769151,72240,76944,,,,
Antigua and Barbuda,1000000,1050000,1098000,1250000,1245200,1371300,1426114,1369069,1286925,1428487,714000,778260,754912,800207,813010,747969,1554309,1424420.15538991,1310276.41341743,1218000,1216152,1039810,1042929,590517,580174.156834825
Australia,26888500,28831400,30075100,30953500,30185700,31579700,32577569,33477398,39021581,41386432,41596552,44657324,46951775,48728837,51488427,50026967,60640913,63360310.3377656,66355274,68197955,68123237.6693167,69779346,72446421,74257326,75667645.0347507
Austria,3747900,4265400,4718600,5153900,5871500,6056600,6641875,6550376,7070344,6902780,7619372,8037890,8785116,9140909,9140680,8520740,13493793,14088251.6640568,14518841.0529716,15037454,15210489,14718641,14724774,16171640,12935505
Azerbaijan,1380000,1156000,1232900,981800,669400,571700,545800,543800,575300,683700,1007000,1134300,1253400,1440700,756338,839514,796698,1348414,1560084,1651710,1770192,1803112,1961639,2331308,2279546
Burundi,8900,9400,9400,12000,12000,,,,,,,,,,,,,,,,,,,,
Belgium,4192900,5000900,5173600,6872100,8748400,9965200,10738119,8489007,2341816,2904114,3264582,3340509,3641155,4078094,5878585,4858700,7528586.30424955,8638553.1,9508165.31494536,9521421,10535219,11473055,12545322,13676844,13639487
Benin,69200,74100,75100,85500,90500,83900,77273,46364,,,,,,,,,53012.8181818182,58314.1,58314.1,137640,60264,112392,899,,
Burkina Faso,129500,137500,138400,96600,101600,147200,143529,100286,53236,54475,61364,66273,73131,77810,80543,79345,160000,133709.779171075,125693.696444909,138996,117420,122590,144950,145049,189545.336876033
Bangladesh,1215900,1261400,1252000,1314700,1152500,1215400,1331369,1449980,1536102,1587606,1650276,1634473,1729451,1242865,1224222,1409414,1818901.01882718,2022388.57221573,2195061.68029907,2781708,3051914.73321389,3997815,3815869,4660739.03831114,5677396
Bulgaria,789200,862700,718200,721700,827700,734700,535246,233963,62798,310952,476277,653703,808451,855229,1073496,798165,801840,932868,973062,1013220,1060147,1063498,1092333,1133069,1022645
Bahrain,1150600,1072500,1200300,1164600,1207000,1307000,1382461,1250076,1255713,1850491,2284547,,,,,5215512,6028980,5590998.04060636,5861786.99900694,4626648,5171496,5313756,5220218,5190484,5877003
"Bahamas, The",862000,936900,977500,703700,701000,1719400,1860623,1625689,1543274,1601347,900000,1020000,1033407,1089636,1088876,979042,967914,1056129.5948594,1048391.0668218,576996,991463.328879806,900028,937476,921470,1830394.86207463
Bosnia and Herzegovina,,,,,49900,60100,69142,64993,65643,72864,,,,,56313,79977,56485.161815801,40182.4397667535,24874.0896320184,15000,36636,7071,,,
Belarus,804900,804900,843000,230900,225500,212300,210899,221714,204908,234273,274185,281877,307403,344290,351165,333252,652142,737599,943081,1159500,1317732,1489035,2057194,2493100,2760168
Belize,,,,,,,,,,,,,,,,,143928,179471.413542693,448015.914026667,513175.6,877765,935604,990499,1285642,1297533.22307894
Bermuda,,,,,,,,,,,,,,,,,,,,,,,,,
Bolivia,1175200,1223700,1783500,2250800,2115500,1872600,1756608,1557128,1508700,1770774,1824313,1892343,1443165,1744663,1718196,1537032,1781340,2125912.52659794,2206069.76066974,2027888,3563043.5828127,4115271,3678739,4053427.35,4122113
Brazil,17898600,20196100,22011500,24307000,28091100,28205300,31287784,34285574,35889538,32372040,35263795,37661733,40945038,45286990,58763225,67945578,74627064,87860363,94752568,95591641,100403628,102039359,94142377,96395709,102109977
Barbados,,,,,,,,,,,,,,,,,,,,,,,,,
Brunei Darussalam,769400,916200,856900,876800,876800,808000,863547,1007542,1035795,956133,1079578,977516,1041478,1017028,1075754,999375,1263270,1312935,1044170,1139784,1061148,1150003,1168609,1172201,1234455
Bhutan,8700,29700,35000,36100,36100,30700,34425,35114,40859,36365,45456,49092,51056,53609,52805,49056,181537.371716438,226153.126621635,193405,207996,302160,162864,224101,254643,275849
Botswana,100500,99900,104000,116400,123700,144100,163909,169526,179041,188842,212951,229987,213587,227624,236182,233515,290195,415864.084403732,415130.020977764,270996,205992,226549,254396,223673,253417
Central African Republic,69200,74100,75100,85500,90500,83900,77273,46364,,,,,,,,,,,,,,,,,
Canada,18104800,20291100,22856000,23981500,24653300,24602000,41767974,40451914,23323029,35884417,40701307,45229860,46726978,52103547,53718757,52583516,63277409.3753385,66078011.9547392,70467400.7928687,71526725.918431,75528607,80228302,85406425,91404001,91504000
Central Europe and the Baltics,7385600,7324344.1,8216500,8745500,9570400,9991700,11117833,11445703,11808082,14065887,16768232,19040472,20221059,23721701,25261998,24733789,32710131.3790042,34477031.5945141,32490649.4684975,35246300.7486676,37875158.1831821,39811670,42884394,52125994,62622491
Switzerland,9338200,9859000,10468300,12481600,14298900,16209000,17268093,16914823,13295500,10118096,9287315,9662619,10647142,12298456,14352757,14701206,22146864,24866065,26386306.6034666,27503416,27923164,27011762,25859918,26732570,28857994
Channel Islands,,,,,,,,,,,,,,,,,,,,,,,,,
Chile,2961700,3197200,3621900,4610000,5149800,5187700,5174876,5315623,4986727,5246787,5463753,5939020,6016649,7190963,8021939,8097314,9269026,10949863,12892856,13806283,14347893,15006762,16362437,17664974,19517185
China,37601000,47564500,51770100,52277000,53234000,55853100,61891807,72660653,83671798,86040642,119789024,136721623,158013351,183613132,191001220,229062099,266293020,292160158,318475924,352795296,390878784,436183969,487960477,551234509,611439830
Cote d'Ivoire,156900,174700,178700,157600,162400,259600,107979,46364,,,,,,,,,516085,89791.8677663574,39485.4722019258,234996,237120,642893,667062,808471,825257
Cameroon,295000,345000,361800,279000,277900,292600,273000,324114,243122,315100,355610,384059,424794,453051,470598,466050,0,171007.2,248027.2,287208,275760,267208,343592,236000,265136
"Congo, Dem. Rep.",177600,,,,,,,95200,,,,,,,,,210913,252408.179559838,471536.204614927,456000,456228,476353,416033,959738,587653.030752826
"Congo, Rep.",231800,266900,252900,244500,240900,132200,127541,95188,46967,52268,,,,,,,341640.429165812,438178.470407323,703966.421078759,652452,553944,657927,577780,333899,508978.939934003
Colombia,7686500,7863300,8342100,9188900,9289700,8619200,8568734,9604390,9424850,9142585,8829094,9984424,10616356,11630594,12338706,12115330,16932435,18768534.7701547,22012458.8443775,26929238,28675159,30909723,32262658,32504898,33704037
Comoros,26000,27300,27300,,,,,,,,,,,,,,,,,,,,,,
Cabo Verde,118300,124200,129200,237000,236100,252300,263547,242799,236577,252751,560000,690000,753511,793153,807957,776469,570553,620394.751123946,597982.600368215,600000,590304,548908,565810,336718,561944
Costa Rica,773200,870400,917900,991500,1169500,1055300,877833,737895,675146,749885,901402,953217,943143,1017054,1023665,932581,1697893.8890269,1829514.94708223,1770111.37834698,1498996,1427414,1525922,1572605,1822880,1950049
Caribbean small states,4779300,5123200,4681700,4566100,4607700,6250100,6769190,6579219,6306172,6210378,5043466,4742561,4645698,4918479,4978399,4424144,4996231,5829441.17601145,5920044.89645017,5475499.6,6162872.32887981,5845803,5986259,5816851,6645652.5139884
Cuba,730900,823700,928700,1117000,1138400,1259000,1007193,882309,588700,610957,743256,812781,811559,857213,861352,780484,1578011.78867135,1478595.95916068,1313502.68398397,1395072,1135200,1294458,1333078,942785,563540
Curacao,,,,,,,,,,,,,,,,,,,,,,,,,
Cayman Islands,,,,,,,,,,,,,,,,,,,,,,,,,
Cyprus,1233900,1218900,1214100,1278100,1346400,1336700,1396076,1503427,1704780,1882981,2013254,1920516,1944138,2071648,2111205,1943949,1583627,1263117,1285976,1211208,688368,23405,224653,711554,401408
Czechia,1071600,1284600,1393600,1447800,1600800,1852600,2229216,2565808,2808793,3391474,4219478,4706226,4921600,4869586,4974879,5048360,5145187,4902816,3594882,5186676,5009995,3378028,4048658,5450671,8851291
Germany,32465300,34680100,40118400,45804500,49279800,54652800,57962865,56389365,61889678,72693124,82099657,90788848,99647314,106101747,107941584,103396735,97330734.2807591,107042775.791182,105978474.526384,109062321.51578,112353098.59355,117222850,116713587,114160685,109796202.17431
Djibouti,,,,,,,,,,,,,,,,,,,,,,,,,
Dominica,,,,,,,,,,,,,,,,,,,,,,,,,
Denmark,5381000,5689300,5892000,6236400,5946600,5767700,5922623,6382092,6322432,5886037,6428701,,,,,,,,,,,,,,
Dominican Republic,300200,67400,29500,33600,33500,10400,,,,,,,,,,,19167,28232.1,28442.05,20004,16128,14463,11903,,
Algeria,3241000,3477800,3494100,3517700,3381800,2936800,2997480,3419249,3002232,3292815,3236364,3037298,2899722,2813018,2884506,4370917,3372283,3543663,4082595,4492436.96334419,5021288.96334419,5400896,6093416,6230157,6442442
East Asia & Pacific (excluding high income),88857400,104320600,110862300,107721300,106380600,105525000,117475001,131899488,144954360,145986148,202945818,220887277,244449016,277768225,287719256,326293542,430814825.832616,482470567.060299,526045298.37355,579794849.840183,640165915.141246,708798867,790494215,881698293,964324620.095903
Early-demographic dividend,131391900,134162100,139817900,146347300,144205700,142004200,149713878,160513615,149570435,160293889,190654278,202084384,224730790,245988633,244712190,259076645,370779756.654016,411779408.113943,443984379.688308,473370786.86842,518240248.925875,566264222,621441555,679891167.720311,741133708.202807
East Asia & Pacific,243006604,273666300,292148204,298428300,300493300,312218196,337766614,351529526,374787907,366358229,429868117,454655578,486160240,523755806,535907588,555699740,726070353.122889,769209920.740995,809282604.511398,893899315.839378,965572758.226383,1052102292,1155866926,1266613885,1363722227.08479
Europe & Central Asia (excluding high income),44991700,44020300,39282500,37406100,32974200,35972000,37355021,39490872,40166777,43466348,51804644,55933498,61390591,69092668,78070042,79638721,106051570.988931,123846313.503833,143043780.428963,161627137.808988,179004742.007987,197093753,203669893,227956251,247065916521
Europe & Central Asia,302847300,318012844.1,339543200,361142200,368219300,398388896,428305223,427544242,426545437,460194210,506766844,518261374,559653407,607952555,623643998,615350087,712998068.251797,774999479.899544,799109209.946567,830731466.891435,880915331.616507,945271489,997402946,1067441656,1137091439.3497
Ecuador,2118700,1670900,1925200,1790600,1918800,1386700,1318518,1284922,1184098,1521249,1828303,2011004,2110423,2630759,2926821,2896528,4818305,4714115,4758406.30677172,5157521,5675088,5677816,5099726,5121235,5365261
"Egypt, Arab Rep.",3537500,3897200,4282400,4416300,3894900,4620100,4521702,4389163,4526688,4180814,4621310,4888146,4988262,5829044,6688999,6215870,9518106.01323615,7708160.10711224,9081175.14629562,10593780.1774399,10278013.1135622,11109554,11844962,11748510,12386010
Euro area,159931900,171988500,190436600,210002000,219023000,238927500,259579401,257007629,258285964,288282210,315899184,344015957,374599784,407969143,408980682,401882488,414887775.051461,439335562.659968,437876149.516337,441085469.33378,458429865.950749,495116034,527688666,558725887,582704366.268714
Eritrea,,,,,,,,,,,,,,,,,,,,,,53074,66927,102729,89136.8159108722
Spain,22361300,25765700,27759200,30315700,31594100,33559400,39711776,41469789,40380629,42506835,45539952,49855007,53122464,60664991,55213716,49289158,52847712.6083233,52736140.9250126,48089178.327112,48056735818,53069339,60564041,66674868,71598374,80706703
Estonia,157300,168600,149400,230500,297400,302000,277595,277768,304135,395485,509556,577808,598123,651323,685582,395532,582320.202753145,614933,914519,627588,602880,512389,372274,13103,62802
Ethiopia,716400,749900,743000,772300,789900,861400,944595,1027528,1103184,1117329,1403293,1667316,1720306,2290179,2715017,2914056,3347022,4440917.69083987,5001121.86524561,5671501,6274582,7074779,8242114,9566378,11501244
European Union,182625300,193536844.1,213329200,235129900,245065100,266190600,288449342,286388891,287161373,317807082,347767674,359471494,390742949,425646377,427781328,419908189,483874507.227712,515081475.254482,514301800.984834,522944433.082448,548633990.776732,588104162,620961607,657059035,691558405.268714
Fragile and conflict affected situations,14196000,13181200,13334300,13108200,12776100,13635200,13609296,18460325,16157126,13721057,16894044,17361186,19911702,20148599,22671508,22076716,33183814.0544826,39379075.2266081,38732387.243884,38896500.17336,40338413.2732372,39233518,39962744,41484899.05,48826506.4403624
Finland,4492000,5211900,5597500,6002300,6771100,6241600,6828143,6697556,6415606,6183906,7049416,7075195,7597125,8288683,7916485,7423265,8685772.86832543,9508050,10731828.4925915,10467321,10992792,13035848,13754228,12209646,13364839
Fiji,464600,494500,479600,516900,516200,549800,586043,612727,715000,972000,836719,870571,932394,960546,946138,1146591,1259009,1276205.48,1225268.56188571,1161936,1243824,1336976,1402765,1557876,1670216
France,38170400,36020400,41252600,43400700,42232400,49536300,52581312,50476541,49305864,47258820,48543473,52477178,59537872,61551258,61214656,58318312,60864422.1135135,64185339.3411299,64683769.0243213,63925151,63434263,65039503,65362743,68316473,70188028
Faroe Islands,,,,,,,,,,,,,,,,,,,,,,,,,
"Micronesia, Fed. Sts.",,,,,,,,,,,,,,,,,,,,,,,,,
Gabon,505200,508200,431300,468500,466700,423100,446688,373904,365877,385529,430873,465343,508368,535324,545640,524867,243635.528989967,121233.395658112,42729.3194712764,0,,137331,77320,,
United Kingdom,55475500,59688800,64208500,62763200,61940200,65738296,70436030,70331725,72381196,76388660,86054762,93602879,97544631,101622807,104713553,102464509,101515720.193399,111598546.141229,115419920.565667,118605866,124901676.052681,131512994,143781714,151159067,165388610
Georgia,169600,176900,152400,110500,110100,158600,117521,110800,246609,303802,228560,249131,271553,304139,310222,294400,164446,222630,178363,189316,196589,232263,220448,341751,516034
Ghana,182500,185900,197200,210600,209800,304100,314335,301135,255630,241111,96444,,,,,,169030.949606142,491583.034446243,691271.96142731,396372,407544,390457,359516,681691,467624
Gibraltar,,,,,,,,,,,,,,,,,,,,,,,,,
Guinea,45000,35000,36300,36300,36100,58500,,,,,,,,,,,,,,,,,,,
"Gambia, The",,,,,,,,,,,,,,,,,0,0,11284,146784,151776,3036,44330,53735,104891.39475506
Guinea-Bissau,20500,20500,20500,20500,20400,,,,,,,,,,,,,,,,,,,,
Equatorial Guinea,14000,14700,14700,20900,20800,,,,,,,,,,,,25969.3823646158,130197.6,316620.85,401712,303024,400758,458222,496322,404301.328013225
Greece,5812900,6006000,6396000,7060800,6403400,6590700,7937434,8430333,7579225,7518932,9276954,9452219,9481314,10206223,9442743,8795133,10352657.531181,9569211.41941763,8785275.45592775,8761116,11152236,11237054,12689082,13852857,15125933.5152598
Grenada,,,,,,,,,,,,,,,,,,,,,,,,,
Greenland,,,,,,,,,,,,,,,,,,,,,,,,,
Guatemala,252000,300000,300000,508400,506400,,,,,,,,,,,,313892,326146.206150004,288013.900825685,78264,69768,93129,111830,155524,145795
Guam,,,,,,,,,,,,,,,1255510,1172372,,,,,,,,,
Guyana,115300,121100,126000,126000,125500,70400,73256,47800,,,,,,,,,273160,340267.623207221,247780.347691014,0,0,,,,26069
High income,977994404,1030768240.1,1110417304,1165581692,1180434980,1270728900,1363833512,1316073838,1286689975,1314051904,1459525526,1503719024,1556586138,1630088007,1599454256,1591691723,1804122509.20758,1865917631.64763,1896710959.96296,1963551271.00007,2047595398.86093,2168571964,2286778399,2391085163,2505190594.83649
"Hong Kong SAR, China",,,,5957200,12254000,12592600,14377973,14064286,15636216,13024791,17892816,20229512,21796158,24133664,25401266,23973030,28347688,30293677,32247332.0776827,34644497,37933773,41867157,43683583,45580297,47101822
Honduras,,,,,,,,,,,,,,,,,501520,423655.325587164,422016.887644915,372972,239124,276689,275587,248964,411989
Heavily indebted poor countries (HIPC),6139600,6114500,6751600,6925200,6968200,6849500,6492929,5967306,,,,,,,,,14165092.2265473,17296028.4634335,18073364.0300627,18079383818,19361000.3208803,20661772,20915140,23844385.43,26411525.9143882
Croatia,624000,644.1,727200,767200,920000,926000,1072000,1245000,1356000,1582000,1743000,2099000,2148000,1545318,1752603,1679197,1577226,1812519,1872799,1716702,1756070,1782666,1875433,2057804,2093577
Haiti,,,,,,,,,,,,,,,,,,,,,,,,,
Hungary,1325400,1310900,1563400,1634700,1749200,1943500,2197521,2023385,2098760,2260849,2546234,2735214,2591666,3133574,3111575,2952885,12477063.1762511,13729553.5346856,12289555.0764284,13926540,16482060,20043787,21399963,26066294,31226848
IBRD only,241730700,259256444.1,268250900,277676000,275554100,280543100,300322387,329761381,333136505,344496771,418837879,454928628,503331945,568136085,599377528,652248785,847489171.388843,945312541.322719,1026127478.82271,1119073797.13004,1218932608.41695,1337317410,1455785540,1614568020.14,1763422784.27693
IDA & IBRD total,264620500,281495744.1,290119200,300379900,298474600,303852900,323854019,353461238,354836889,366713422,444743421,482971713,533670988,599627079,631333677,683927328,891956142.164426,997808123.775953,1080347426.56044,1174597728.92127,1276673084.40434,1396421827,1517531639,1680834867.77031,1840061201.44965
IDA total,22889800,22239300,21868300,22703900,22920500,23309800,23531632,23699857,21700384,22216651,25905542,28043085,30339043,31490994,31956149,31678543,44466970.7755834,52495582.4532332,54219947.7377284,55523931.7912287,57740475.9873868,59104417,61746099,66266847.6303111,76638417.172721
IDA blend,12197100,11674500,10788200,11784100,11596400,12221200,12058275,12976878,10439111,10669835,11971594,13181865,14641094,14980619,15375119,14965530,20774321.4291658,23867830.7344219,24663522.391796,24098238.087732,24165927.3433395,24997482,25950100,24353773,28749421.0575388
Indonesia,13924500,15977200,17138800,12650200,12613600,8046800,9916365,12453812,12113452,12221066,26780550,26835524,29867483,30405918,29766093,27421235,59384361.605798,70912258.1090481,79405799.80957,81721356,85215879.5097387,90095131,99274010,108393123,115154100909
IDA only,10692700,10564800,11080100,10919800,11324100,11088600,11473357,10722979,11261273,11546816,13933948,14861220,15697949,16510375,16581030,16713013,23692649.3464176,28627751.7188113,29556425.3459323,31425693.7034966,33574548.6440473,34106935,35795999,41913074.6303111,47888996.1151822
Isle of Man,,,,,,,,,,,,,,,,,,,,,,,,,
India,11518400,14260600,13394600,16039800,16521000,16005400,17299483,16862737,17633019,19455085,23934074,27879461,40288794,51897450,49877935,54446373,64374253.8038964,73996912,72151828.8895485,75589071,82718882.88,98927860,119577835,139752424,164035637545
Not classified,,,,,,,,,,,,,,,,,,,,,,,,,
Ireland,4825700,6586500,7676800,8963700,10401200,11948800,13983022,15450847,19728801,28863657,34748853,42872544,50737809,60099058,69447262,77747207,84784226,89956333.5096866,92637189.1903926,93408036,98449140,115928738,134065078,153944513,167598633
"Iran, Islamic Rep.",5803500,6290600,7609600,9804100,9200400,8277300,8722145,16485326,9891522,16301238,11877705,12708354,13623038,13915755,12029236,13052716,18760850.3814854,19113946.1622474,17687478.5197214,16580818.0052102,16825260.8301325,13873256,17084581,26858178.78,23029380
Iraq,31500,,,,,,,,,,,,,,,,641129,761778.174355453,784944.25303469,476484,476484,2142554,2019816,1591490.01,4812610
Iceland,1031200,1097000,1239100,1334400,1592700,1350200,1431818,1357946,1198920,1133775,1332811,1528929,1536157,1720496,1423422,1364651,1851416.84175507,2150527,2400160,2602714,3035882.7791066,4134980,5710834,7242611,7819740.55998243
Israel,2980400,3453400,3694600,3753600,3698500,4033200,4442967,3967140,3708138,3677879,4968931,4392448,4357151,4662615,4563041,4605452,5084798,5151469,5381980,5565864,5886728,6331198,6866472,6993888,7404373
Italy,22959300,23665800,25838500,28183900,27462700,28281000,30418137,31031074,28244627,36345771,35922093,36115764,36709131,37830745,30672048,33194501,32645164,33923370.5051058,31072962.155732,27846220,27193939,28603919,29120041,26288001,27243741
Jamaica,1011000,1126400,1388300,1400100,1453900,1669800,1922123,1946123,2016000,1838047,2007765,1573785,1526571,1618165,1644056,1380000,0,0,0,46272,76244,92836,136744,151326,180951272
Jordan,1219500,1270000,1299200,1353400,1186700,1252200,1281997,1178058,1299699,1353444,1660235,1737165,2046457,2246212,2355285,2323750,3077036.69608937,3267109.73620486,3438356,3294911,3211795,3065145,3181283,3381677,3383805
Japan,83913504,91797000,95913504,94997600,101701200,105994496,109123312,107823469,109037841,103988547,101740600,102279015,102845319,99842338,97022471,86896527,109617020.965748,89788818,98907859,107573000,110547000,114128000,117708000,123898000,126387527
Kazakhstan,702300,1117300,568000,568000,565800,467200,461283,500981,756959,1009731,834760,1160286,1283250,1295050,1275624,1192714,3098327,3786453.06391046,4064819.02272334,4785588,4918608,5081632,5007869,6903190,5920110
Kenya,753500,740400,778600,835700,1138400,1357800,1554949,1418183,1599843,1678160,2005473,2424382,2685148,2857464,2880546,2948920,4039583,4508698.01161552,4653459.73514364,4516500,4448530.52817802,4569473,4848016,5109576,5905365.1234425
Kyrgyz Republic,464000,438700,488200,423000,620100,312100,240954,192060,174369,205604,245570,225923,219464,274981,204525,309488,375602,526018.012476417,494640.426821988,771165,712284,967629,1015750,1122951,1175000704
Cambodia,,,,,,,,,124847,164515,162132,168810,256160,307782,211281,183503,277725.054297226,499981.517962547,508688.509386018,615123.328003715,1071179,1103880,1047394,1305297,1411059
Kiribati,25600,26900,28400,28400,28300,,,,,,,,,,,,,,,,,,,66567,66567
St. Kitts and Nevis,,,,,,,,,,,,,,,,,,,,,,,,,
"Korea, Rep.",24932300,29345200,33002700,35505800,27109000,30870200,34331368,33710340,34831814,33372577,34511494,33888328,34842655,36655313,36077655,34168590,36987982,39911749.5898122,39969577.0157166,54530105,58289180,66093149,76859538,82818983,88157579
Kuwait,1756200,1950800,2133400,2113900,2240800,2130000,2112523,2084574,2299218,2185990,2496441,2433213,2627870,2659769,2523966,2597076,4563082,3722729.502639,3481039,3244805,3530851,3752995,4069935,5731748,6464847
Latin America & Caribbean (excluding high income),61027300,60273900,64851400,72405400,76900200,77953300,80663834,80705199,80916912,79669134,85640345,91319432,93787469,101368252,113509159,117582038,152559808.385923,167674704.817281,183917537.244215,197300515.472342,209830189.400813,225374213,226438094,237473414.35,253791824.767079
Lao PDR,118500,124500,124500,124500,124100,197200,210847,210847,219598,218652,271706,293442,326730,328326,323401,302596,443778,532707,877949.881372257,1476528,1310124,1181188,1220201,1196041,1009414
Lebanon,706400,769800,774600,856900,716000,719400,805803,815862,874152,935213,1086730,1076258,968820,1074219,1067774,1308382,1893359,2029610,2148669,2241480,2419476,2591297,2647258,2879528,2981937
Liberia,,,,,,,,,,,,,,,,,,,,,,,,,
Libya,640800,623200,638600,570600,570600,585500,600734,582712,559404,626532,850185,0,1151785,1204107,1213854,1147234,2928705.67985018,2284066.501168,1398125.13429558,2744844,2391856,1430460,1283181,1186424,1442576
St. Lucia,,,,,,,,,,,,,,,,,,,,,,,,,
Latin America & Caribbean,73894400,72889000,77252200,85239100,90079300,93629700,96507566,101576743,97945064,94799825,100859199,107537262,110439889,120106257,133677728,140453020,178418790.815615,198178802.341581,217297987.707647,234290843.071702,248819232.967444,264217989,266690030,275641368.35,293327220.785988
Least developed countries: UN classification,7723600,7284500,7613500,7565300,7653000,7545800,7589071,7446935,7428771,7560412,9101900,9851704,10465788,10893390,11135294,11657441,17835813.2926162,21557709.3426408,22300431.9609922,24692615.1460037,25670319.4712815,25424834,26794845,32493787.6303111,38438981.4073573
Low income,4490400,4168400,4464600,4462000,4508400,4601000,4776260,4640077,,,,,,,,,11761536.134862,14168273.5391265,13737452.8600487,14815345,14719339.1590676,12867667,13753911,15919522.08,17823482.4681181
Liechtenstein,,,,,,,,,,,,,,,,,,,,,,,,,
Sri Lanka,1066800,1155700,1170700,1231900,1212500,1421500,1755567,1718331,1740807,1957606,2412889,2817778,3100832,3206766,2951506,2417713,3008322.69188759,3665394,4616417,4793393.4,4756131,4911730,5284585,5403577,5882376
Lower middle income,59044000,63946100,64880900,72292100,70328300,67954900,70924640,79938785,72417014,81077095,88123057,96644042,112792532,128307918,131216117,139172388,186218036.535429,209063994.545356,213154068.848244,218990796.419223,241806269.500392,266659288,306060460,345627535.680311,385008891.166943
Low & middle income,249972200,267678400,276059000,285502200,282790200,286837400,305936200,329703942,334345443,347367450,424225871,460828747,510602187,573553197,602997508,652915814,858863667.002361,959568137.280509,1038798442.95648,1129782728.57324,1229596648.21561,1349457117,1467970476,1630321690.77031,1786513424.29281
Lesotho,26600,24800,17100,10500,28200,1300,,,,,,,,,,,,,,,,,,,
Late-demographic dividend,156855000,173392100,178597200,184906800,187098700,199593400,216639000,237815480,258940139,271040893,331760561,347642313,384756400,444476143,485748645,572829124,685670532.062163,761255355.361109,830069110.535278,907272787.660847,985686600.922675,1088963002,1190947049,1323673354,1434010524.15206
Lithuania,194500,209900,214000,236800,258900,249600,283836,304051,303865,329271,447883,505409,429657,423585,609847,616514,81450,69445,592996,1009728,1274911,1363946,1046012,1069268,26031
Luxembourg,532500,569700,639100,559800,701400,842700,870831,885852,822533,853903,855840,851136,927738,1039067,1059848,681482,786920,785200,781146,1555788,1710624,1830972,1845726,1901012,2099102
Latvia,167000,173000,275900,229100,229100,196200,278396,255392,264991,339747,593662,1032128,1409620,1344912,1371810,1301848,3158051,3299391,2888683,2754720,2636612.75889877,2527368,2843133,3441024,4058762
"Macao SAR, China",,,,,,,1532189,1706332,1728004,1211797,1800237,2040654,2285750,2393294,1866141,1427324,1329721,1327732,1561850,1767100,2078758,2276436,2788571,2776815,3157724
St. Martin (French part),,,,,,,,,,,,,,,,,,,,,,,,,
Morocco,2183900,2147200,2301200,2638400,3012000,3392100,3671317,3680688,3049154,2638314,3004353,3492984,4109489,4623543,4927341,4930683,7144446,7502696.74521668,6563646.6759083,6507408,6976810,7043971,7738637,8667392,8132917
Monaco,44000,44000,44000,44000,43800,75200,82764,77798,104255,94563,83916,87523,95721,101753,84660,63876,59658,63186,65404.3636363636,64524,64188,60382,12137,316,316
Moldova,312300,169500,190000,46400,118000,43000,117532,120125,129377,179084,200615,231985,273810,314361,401199,402423,479457,540679,543872,557653,692496,1005936,936254,1092606,1423791
Madagascar,450700,497200,542100,574900,600500,639800,629409,657953,266033,451729,513508,574904,572991,616433,558981,499526,524296,544100.727272727,588169,539208,520421,458572,441861,486425,541290
Maldives,38500,158600,206900,188900,247200,261100,315108,56216,57902,60218,75875,81945,93417,92483,91096,85448,,,,,1024693.84477856,1313533,1409704,1485752,1191383.08265957
Middle East & North Africa,45080700,45976000,49613000,53725800,53713700,56424000,59654534,67991058,64355768,73216604,78560904,61431744,66638675,71222974,71070884,114274202,151073013.620073,160271708.77236,175337423.625517,188897689.145994,204902736.907039,217000211,239193056,257942310.79,264706357.921165
Mexico,18791400,14968800,14677700,17266500,17717400,20561100,20894205,20172824,19618662,20661206,21167881,21857658,21243010,20952513,18825976,15728171,31269061,29538937,32909408.724554,35986501817,39570522,46966763,53313307,58537832,64569640
Marshall Islands,41900,45800,41300,33100,32000,33100,16109,18805,24592,27471,28970,25789,30232,29980,29530,27692,,,,,,,,22435,24313
Middle income,245481800,263510000,271594400,281040200,278281800,282236400,301159940,325063865,330192684,343053521,419011482,455039519,504582844,566737233,595787235,645589044,847102130.867499,945399863.741382,1025060990.09643,1114967383.57324,1214877309.05654,1336589450,1454216565,1614402168.69031,1768689941.82469
North Macedonia,203000,215000,287300,228900,488900,506100,599012,315450,165735,200959,210875,191977,209255,234366,196420,86868,,,,,,,,,
Mali,69200,74100,75100,85500,90500,83900,77273,46364,,,,,,,,,303692,363857.375904305,181742.614202486,33444,0,,,,
Malta,1002500,1065900,1037500,1054300,1159400,1421300,1364904,1340031,1398990,1309119,1365223,1371865,1495333,1674773,1708268,1992900,1699829,1673765,1535101,1603404,1588165,1583046,1500824,1575125,2576898
Myanmar,318500,334500,334500,334500,333200,536800,437600,398216,1186162,1117208,1392244,1503624,1620895,1662866,1637923,1527346,924207,1539676,1663425.4345762,1572120,1926969,2095503,2741388,3149037,3407788.43290303
Middle East & North Africa (excluding high income),20017600,20833300,22956900,26337800,25271800,25105400,26100792,34079465,26788324,32800028,30468644,31260133,34256632,36205520,35864926,38021520,52770471.7706611,52290259.4262449,50973534.9288624,53720922.1459943,54370978.9070389,50614910,55760221,66657459.79,67240082.9211654
Montenegro,,,,,,,,121737,,287111,337046,383140,,,,,659355.414807816,523356,544519,528852,503040,526980,544597,507637,565522
Mongolia,630000,661500,661500,240200,239700,224700,253917,255298,269886,294880,310158,295252,347998,380708,364470,257233,391188,496649.107733126,626469.96653678,585864,683254,529311,537853,602775,670360
Northern Mariana Islands,,,,,,,,,,,,,,,,,,,,,,,,,
Mozambique,220700,168200,163400,188400,200700,234800,259568,264216,281513,280516,293873,346830,350314,443010,461125,490019,558192,577019.814468816,559608.795668202,701472,739636.744147151,676028,632965,569211,540124
Mauritania,215600,227900,234800,245200,249600,187400,185061,155687,105541,116136,128329,138595,149188,154662,153895,142355,524817.894731527,381075.923563429,325239.52355014,261696,271212,248158,280215,418817,379211
Mauritius,635900,675800,716900,803900,847500,823200,949085,1002282,1029466,1042773,1088696,1145737,1056496,1277957,1256746,1092580,1265458,1321491,1313976,1318052,1354388,1466527,1593666,1674395,1745291
Malawi,141600,148700,152500,158300,157700,112300,115831,112560,104711,108854,122477,132275,145747,154837,159917,157007,91520.1893953931,82709.5449902358,53518.9979970389,5856,5856,6011,6744,10545,10545
Malaysia,14249800,15417800,15117600,15591600,13654400,14984600,16560793,16107156,16281275,16704600,19226564,20369086,17833364,21325754,22420870,23766316,34239014.1725209,38218608.8523534,39165195.2176778,47995842.0041797,49673884,50345820,53817353,58711937,60481772
North America,533028800,553803196,593928000,614552892,612824180,658966608,707095388,662639760,621733444,624881527,718811915,765777598,772257943,796405857,755498308,732006924,783774409.375339,796874011.954739,807166400.792869,814697725.918431,838238607,878450302,909445425,940807001,980528000
Namibia,198800,224600,236800,214500,213700,214100,247147,215237,222009,265655,282915,399280,400947,430741,452167,454855,485849,540867.9,632330085,510000,522216,553322,558713,623076,602893
New Caledonia,,,,,,,,,,,,,,,,,,,,,,,,,
Niger,69200,74100,75100,85500,90500,83900,77273,46364,,,,,,,,,0,0,119652,87936,13227.5,15243,15044,14713,
Nigeria,664800,547900,221200,318200,313400,419700,507396,519453,520278,520263,540461,747648,1307541,1363435,1460900,1365343,4197375,4793913.27416044,4716148.08073056,4209624,4462001.62973012,4613169,4110075,4789878,7786143.99416227
Nicaragua,43800,48200,51300,51300,51100,58700,61031,,,,,,,,,,,,,,,,,,
Netherlands,12894800,16377900,17114300,17889900,18675500,19741200,20898713,20072980,22931166,23454932,25595676,26132696,27454451,28857440,29601230,29108547,26979676.6296817,29959476.4043769,31672223.9759589,33455251,33956338,35687843,40078714,42763443,44417573.579144
Norway,11133100,11695500,12727300,13759000,14291500,15009600,15182305,14556181,13699204,12805757,12277222,,,,,,,,,,,,,,
Nepal,682600,716700,755000,755000,753600,582600,643332,641142,352544,356369,444691,480266,509792,528226,520303,484394,917939,901116.117937972,776864.1215957,643140,517548,510342,634292,2443630512,4525805
Nauru,,,,,,,,,,,,,,,,210424,30195.521045074,34884.3268867112,19334.8478455911,16488,34572,38859,47252,45457,40290
New Zealand,7716100,7676600,9597000,9435400,8654900,9565600,10781314,11467023,11285424,12259437,11305401,11951935,12382205,12545766,12950904,12104116,13295185,13747024.2069686,13937353.9431784,14434055.9991949,13618711.9990383,14385078,15300409,16271523,17249049.9541367
OECD members,971255004,1021039596,1099596504,1151287192,1159476480,1245629100,1333236717,1283609610,1247264642,1278025311,1413357107,1475137918,1523845112,1594664421,1561688255,1516777735,1714226706.49298,1767775671.20223,1813901529.85301,1880658281.43694,1959633535.87687,2082857593,2190437625,2295787113,2413352567.63458
Oman,1511800,1452900,1620200,1678400,1849300,1933100,2118338,1980076,2103559,2777424,3267088,,,,,2360682,3262849,3795755,4430383,4994729,5051804,6365784,7709851,9035230,10438241
Other small states,8573000,8905500,9287800,9670100,10360700,11464000,,,,,,,,,,,29535977.7423871,31467772.8984138,34532854.8748242,34877522,,43818107,51705282,,53400215.3654103
Pakistan,5663700,5342600,5375000,5882500,5414100,5850000,5293541,6011849,4141009,4522110,5097477,5364134,5714831,5439144,5605758,5303268,6588114,7940545.07551206,7973906.36067277,7833901.08773203,7670348.18543139,8467827,9628354,7260769,6880637
Panama,519900,661200,688800,772200,859900,932500,1117411,1114727,1047843,1416071,1500673,1795958,2028711,2473261,2762458,6348000,5524157.42969209,6380080.18386967,7517581.27701275,11656416,11812712.8383915,12193261,13285098,11975372,12631703
Peru,1894900,2508300,2327500,2724500,2774500,1900000,1595268,2248991,2085823,2226329,3225128,4332223,4217880,5273188,6184410,5843195,7106025.29251721,8609620.35441221,10074855.6119232,12255937.7629497,12284677,13877662,15081755,16094150,17758527272
Philippines,6851500,7179600,7263100,7474600,6731600,5024000,5756288,6416383,6449022,6457529,7387965,8056829,8304634,8818150,9508389,10480898,22575356,26326620.7628322,28540727.3608103,25540880,34897404,37023422,40206684,39341995,43080118
Palau,,,,,,,,,,,,,,,,,,,,,,,,,
Papua New Guinea,1112800,970000,970000,1114000,1110300,1058200,1099772,1188089,1234779,690528,762784,818773,918640,918665,904885,847353,1405169,1563593.85321111,1630308.43210537,1870968,2074020,1679156,1711274,1864653,1831903
Poland,1451800,1657300,1805900,1998000,2212500,2140700,2340919,2670283,2845919,3252222,3493094,3553680,3625982,4269655,4634676,4279072,4099082,4448727.0598285,4909100.39206908,5002975.74866764,5038745.42598332,4448883,5497163,7376512,9277538
Pre-demographic dividend,5857800,5618900,5427100,5219400,5677400,5720100,5605843,5129614,,,,,,,,,17819048.6593058,20387700.7728865,20515501.676293,19925850818,19349770.8959757,21230480,20633300,21624757.05,28768397.3600062
Puerto Rico,,,,,,,,,,,,,,,,,,,,,,,,,
"Korea, Dem. People's Rep.",241800,254000,254000,280000,64000,76700,82953,78805,84321,75046,93808,101313,105366,110634,108974,101237,73052,78558.8615502066,100113.348581399,371004,90335875,87082,94919,103560,94245
Portugal,4359600,4590100,4805500,6281400,7023100,7339300,6721365,6650492,6795580,7590259,9052471,10139655,9440930,10320040,11171020,9903771,10428173.5126738,11014639,11338080,11860998,12635439,12706909,13105120,15937325,17367956
Paraguay,324200,105200,260500,196000,222200,231700,265898,281040,267089,298928,373456,445854,432760,458688,465911,428493,715072,845395.688848872,794176,711548.47,608844,452004,467713,454276,710407
West Bank and Gaza,,,,,,,,,,,,,,,,,,,,,,,,,
Pacific island small states,734300,775600,1042400,871600,956800,972400,994674,1040635,1169195,1409660,1376595,1366689,1468156,1510124,1487471,1861811,1679808.52104507,1691669.50847461,1701510.525037,1807896,2006028,2120856,2238966,2543172,2681606
Post-demographic dividend,939020504,989606440.1,1067013204,1118528992,1129879680,1214796800,1301972064,1251639848,1214443600,1229236696,1360640668,1413314874,1455395380,1510562083,1469546762,1409097909,1576171421.66772,1619241221.53047,1648538084.47385,1699478102.82541,1761628444.73137,1848558208,1927693057,2000358525,2089907217.41444
French Polynesia,,,,,,,,,,,,,,,,,,,,,,,,,
Qatar,1150600,1072500,1200300,1164600,1207000,2325200,2672972,2778116,3570521,3184104,4453071,6041040,7070851,8879109,9702479,10211229,12391268,14568106,17187171,18737348,21425066,25263224,31209097,29949181,29178923
Romania,1242700,1244900,913300,995200,907600,980300,1218102,1137305,959487,1255313,1337781,1707714,2047466,3003872,3253417,3268022,3733253,3659209,3593312,3087143,3067724.4,3634598,3686938,4423249,4908235
Russian Federation,28933100,26524800,22117100,20419000,15223700,18600400,17687894,20301199,20892156,22723072,25948923,26522315,28836949,33187839,37940321,34402844,43855539,50555805,58727125,64072322,72189961,76846126,77458318,89373638,99327311
Rwanda,9100,,,,,,,,,,,,,,,,188221,268376.55,593198.45,610992,626928,544541,644559,1031957.04,1502478
South Asia,20433000,23175700,22444800,25538500,25389700,25506900,26822530,26775369,25502242,27975359,33660738,38307149,51488173,62460543,60323625,64195666,78888194.8863276,91031850.071816,89645445.1785226,93893397.487732,102251106.643424,120221878,142492664,162908959.550311,189594450.62766
Saudi Arabia,12142300,11524200,11706300,11738200,11816200,12328500,12566492,12835735,13564300,13821729,14942633,15933045,16830838,17141188,16708204,17508200,20323592,23135735,26537661,28252104,32269452,33431736,35092840,37503000,39767648
Sudan,432400,496900,490800,333100,498700,390300,414179,414983,409178,420498,473127,510977,563026,598151,617785,606558,580325,947031.456113152,777346.331924026,541644,501864,496177,292843,557792.04,561520
Senegal,141200,149700,155100,165500,121400,103400,97525,176413,231333,129974,416372,449682,500677,538845,567101,572609,0,391401.4,543987.6,219996,131964,115355,9874,21038,278438.288559913
Singapore,9929400,10779300,11840700,12980700,13331100,15282600,16704341,16373648,17256872,14172367,16995621,17744017,19565884,20671341,21050204,18427473,24859825.1577843,26509929.1424906,29138458.2737476,31729241,33643518.416782,33585397,35370328,38094990,40401515
Solomon Islands,78500,89500,94300,94300,94000,97700,75262,81376,84537,68104,84676,91450,101190,102090,100558,94027,142660,140183.263883557,138160.1153057,302412,330456,373739,373467,427806,427806
Sierra Leone,14500,14500,15200,0,0,,19009,13877,13877,13599,15503,16743,18752,20252,21420,21784,0,48789,50193,,,,,,
El Salvador,1617100,1698000,1800000,1700600,1694000,1624100,1960363,1692334,1804307,2182463,2391159,2540564,2579145,2536820,2279763,1996982,1816391.10383349,2151274,2523296,2509003,2816524,2597649,2603129,2670560,2545105
San Marino,,,,,,,,,,,,,,,,,,,,,,,,,
Somalia,,,,,,,,,,,,,,,,,163812.745808619,177005.4,178709.7,258336,251652,,4486,4486,33728.9686579889
Serbia,,,,,,,,994880,1185479,1011231,1076473,918540,1041747,1118404,1135322,926618,985072,1149102,1240709,1241352,2187144,2427047,2486009,2442731,2262703
Sub-Saharan Africa (excluding high income),14645200,15054600,15661100,16093100,15873700,16774800,17519022,16753549,16016828,17470433,19705682,23121258,25230306,26657989,27510500,27184327,37778795.1379019,42254442.401034,45172846.8023684,43445905818,43973716.115098,47353496,49115389,53627313.08,64496529.3600062
South Sudan,,,,,,,,,,,,,,,,,,,,,,,,,
Sub-Saharan Africa,14942600,15368600,16034300,16477400,16242300,17122000,17912857,17173516,16535011,17883529,20167567,23620094,25775571,27232504,28096606,27748907,38191509.1379019,42648276.401034,45408840.8023684,43790341818,44380996.115098,47850992,49683303,54260831.08,64951730.3600062
Small states,14086600,14804300,15011900,15107800,15925200,18686500,20091826,19806596,,,,,,,,,36212017.2634321,38988883.5828998,42154410.2963114,42160917.6,47106779.952765,51784766,59930507,60503751,62727473.8793987
Sao Tome and Principe,22300,22300,23000,24600,24500,33500,35054,35054,34496,35680,40076,43282,47585,50440,51921,50716,,,,,,,,,36660
Suriname,148900,161800,194700,278800,277700,307500,232649,202899,191094,258311,289309,315410,306504,324821,329788,303117,214667,204096.675971812,240525.441452855,255204,269148,259682,280090,284935,272347
Slovak Republic,22500,41100,62600,80700,107300,110600,57095,43113,82821,190182,636276,711939,779759,2679227,2690428,3440816,74856,34859,45111,64008,29031.5983,11098,12928,7925,
Slovenia,339600,370700,393000,403800,459900,555500,627907,689635,720513,758392,764991,757651,860735,945420,1103685,953378,979803,972711,816630,857000,916981,1045409,1009559,1087075,1094762
Sweden,10807700,9498000,9879000,11326900,11877700,12917600,13354314,13123426,12421220,11586025,11623925,,,,,,41153081,46260220,49192941,51925707,57789383,58636668,55672453,51825549,51473905
Eswatini,64800,49300,54300,40700,40500,83000,89791,,,,,,,,,,,,,,,,,,51633
Sint Maarten (Dutch part),,,,,,,,,,,,,,,,,,,,,,,,,
Seychelles,297400,314000,373200,384300,368600,347200,393835,419967,518183,413096,461885,498836,545265,574515,586106,564580,412714,393834,235994,344436,407280,497496,567914,633518,455201
Syrian Arab Republic,472100,563100,598500,694200,685400,668400,750129,760923,926850,907850,1169646,1239825,1252102,1371450,1358473,1342518,1158366,1433766.69473226,907927.74176397,475932,475932,17902,18117,17564,17896.9211653632
Turks and Caicos Islands,,,,,,,,,,,,,,,,,,,,,,,,,
Chad,86300,92100,93100,93000,98000,83900,77273,46364,,,,,,,,,48519.199657971,74653.8,52041.6,28080,28332,,,,
East Asia & Pacific (IDA & IBRD countries),88615600,104066600,110608300,107441300,106316600,105448300,117392048,131820683,144870039,145911102,202852010,220785964,244343650,277657591,287610282,326402729,430771969.353661,482426892.525636,525964519.872814,579440333.840183,640110151.266246,708750644,790446548,881640190,964270665.095903
Europe & Central Asia (IDA & IBRD countries),48310200,46923144.1,42728900,41166500,37014300,40019000,41986042,44543460,45328183,49555883,58378519,63293892,69212039,77911513,87710738,88865012,115461131.988931,133766768.563661,153418991.821032,171433958.557655,188867281.833971,206959900,214729427,241813816,263345266521
Togo,69200,74100,75100,85500,90500,83900,77273,46364,,,,,,,,,663013,832351.156397303,745781.748091383,840948,426344.039920436,420875,475185,500686,566295
Thailand,11404700,12771400,14078300,14235800,15015400,15950500,17392091,17662418,18111892,16622502,20342582,18902629,20102408,21191723,19993134,19618735,28780723,31940491.9838508,36392469.3545263,43029150.6,46546612.484507,56447637,62341676,70704889,76053042754
Tajikistan,782600,822100,594000,594000,591700,155800,168006,,496905,442712,598456,479172,394440,501178,683248,764505,616999.412307647,846967.380250537,650130.547389031,683060.157492914,1064176.32798727,1034477,1037897,580374,492320
Turkmenistan,747800,747800,523000,523000,521000,1050400,1283780,1407423,1407423,1411910,1612479,1653638,1843140,1850921,1823157,1706055,300970,160243.765375931,147500,1800847.45762712,579715.68,897079,1318350,2136219,2457474
Latin America & the Caribbean (IDA & IBRD countries),72301500,71128400,75346000,83418400,88239900,90651300,93639750,99068745,95813090,92587521,99215943,105704481,108594923,118159408,131727500,138693494,175872865.026943,195644076.787561,214936093.956842,232318775.071702,246692569.638564,262023503,264419476,273553611.35,290659005.923914
Timor-Leste,,,,,,,,,,,,,,,,,,,,,,,,,
Middle East & North Africa (IDA & IBRD countries),20017600,20833300,22956900,26337800,25271800,25105400,26100792,34079465,26788324,32800028,30468644,31260133,34256632,36205520,35864926,38021520,52770471.7706611,52290259.4262449,50973534.9288624,53720922.1459943,54370978.9070389,50614910,55760221,66657459.79,67240082.9211654
Tonga,53300,53300,56000,49000,48800,50300,51615,56777,58480,60819,75416,,,,,,,,,,,,,,
South Asia (IDA & IBRD),20433000,23175700,22444800,25538500,25389700,25506900,26822530,26775369,25502242,27975359,33660738,38307149,51488173,62460543,60323625,64195666,78888194.8863276,91031850.071816,89645445.1785226,93893397.487732,102251106.643424,120221878,142492664,162908959.550311,189594450.62766
Sub-Saharan Africa (IDA & IBRD countries),14942600,15368600,16034300,16477400,16242300,17122000,17912857,17173516,16535011,17883529,20167567,23620094,25775571,27232504,28096606,27748907,38191509.1379019,42648276.401034,45408840.8023684,43790341818,44380996.115098,47850992,49683303,54260831.08,64951730.3600062
Trinidad and Tobago,1642100,1727000,897200,807500,804400,1111700,1254425,1387639,1268879,1084186,1132392,1055106,1024304,1085650,1102669,1014016,1842253,2625055.71304041,2625055.71304041,2865852,2732100,2617843,2598521,2582961,2458183
Tunisia,1390800,1419400,1371200,1779300,1859000,1922600,1907876,1926118,1789327,1719524,1940037,1996699,2054641,2054679,2274580,2278964,2739634,3153388.97660989,3580910.21873467,4648608,4628511,3496190,3606247,3963968,4274199
Turkiye,6871600,7749000,8463900,9379900,9949300,10097300,12187891,10603908,10686877,10745444,14275835,16943828,19361415,22895275,25505092,31339441,45665249,53500303,63350312,74413804.6198675,84574844,96604665,100366461,107917326,115595495817
Tuvalu,,,,,,,,,,,,,,,,,,,,,,,,,
Tanzania,199200,236400,224000,217800,220200,190000,193069,174559,134470,149540,243087,257223,189844,250849,202704,683541,750421,914932.03761187,1030203.57520377,1173942818,1124913454,1312807,1179664,1221678,1698386
Uganda,62500,94600,100200,100200,99800,179400,39379,40560,40560,39749,45711,49368,55292,59715,63160,64234,154909,141603,182144.4,198804,163824,41812,52187,14958,21212
Ukraine,604900,1005300,1151200,1189600,1066400,910100,950697,986022,1119889,1652632,2200094,2512910,2801992,1736018,3456288,3427818,3956053,5477654.91818182,5828107.61211785,5218814574,4503610,4620530,5756509,6794396,7854842
Upper middle income,186437800,199563900,206713500,208748100,207953500,214281500,230235300,245125080,257775670,261976426,330888425,358395477,391790312,438429315,464571118,506416656,660884094.33207,736335869.196026,811906921.248189,895976587.154017,973071039.556147,1069930162,1148156105,1268774633.01,1383681050.65775
Uruguay,499300,476700,504000,544000,556700,593400,642027,558563,525049,463884,564149,586458,568864,602996,612644,563632,,,,,,,,,
United States,514924000,533512096,571072000,590571392,588170880,634364608,665327414,622187846,598410415,588997110,678110608,720547738,725530965,744302310,701779551,679423408,720497000,730796000,736699000,743171000,762710000,798222000,824039000,849403000,889024000
Uzbekistan,2217300,2217300,1566200,1566200,1560200,1657600,1744510,2256380,1451004,1465798,1588049,1639276,1665190,1940378,2033933,1850056,2114050,2275947,2593509,2614085,2545935,2486673,2383631,2581865,3056558
St. Vincent and the Grenadines,,,,,,,,,,,,,,,,,,,,,,,,,
"Venezuela, RB",5266800,4445000,4487400,4020300,3736600,4690000,4295000,9452434,6369455,3889929,4943887,5043028,5225573,5495292,5766973,5121009,6428163,7728281.25393288,7738509.64544939,6866780.59935996,7888722.39935996,7086072,6025475,4209158,2217407
British Virgin Islands,,,,,,,,,,,,,,,,,,,,,,,,,
Virgin Islands (U.S.),,,,,,,,,,,,,,,,,,,,,,,,,
Vietnam,1670000,2290000,2107500,2527300,2303500,2600000,2877894,3427176,4038133,3969320,5049706,5453683,5283831,7194443,9991145,11073604,14377619,16544477.8301699,16976051.3812163,20429309908,23826013272,29944771,37349272,42592762,47049671
Vanuatu,70400,65600,72800,75000,88700,86000,101503,97471,104294,83151,103939,112254,116744,122581,120742,112169,247944,240396.437704341,318747,327060,320232,272332,299315,341110,374603
World,1233233404,1302891640.1,1390963704,1455104192,1466961780,1562256300,1674064712,1655230214,1627404873,1665309283,1888695284,1969590799,2072413898,2209136496,2208218737,2249728546,2669414339.20994,2833214050.18207,2943247912.56489,3100200780.17267,3285080769.47589,3525115153,3760774350,4025616011.77031,4293921426.12931
Samoa,,,270000,74900,148800,155500,164142,173479,182292,198115,246875,266625,287596,294927,290503,270908,,,,,76944,98950,116167,81921,77811
Kosovo,,,,,,,,,,,,,,,,,,,,,,,,,
"Yemen, Rep.",790600,375000,587500,706900,765000,731000,841609,841366,869296,844284,1022079,1083404,1162316,1073493,1064878,1050486,1536556,1492073.32859812,1299707.2391082,1664220,1665552,443685,242723,132571,336310
South Africa,5801600,6395500,7183100,7274200,6479500,7403800,8000757,7948374,8052660,9159815,9878598,11844657,12932671,12870324,13135437,12503629,15781210,16407784.9571682,17571565.2032155,16311250,17026643.2191223,18882898,19744932,20821044,24660386
Zambia,234700,,,49600,48800,77700,89628,48517,47075,50977,49888,53880,58679,61589,62467,,260502,306034.3,127296.65,10032,8592,203617,144060,154573,16633.1389415488
Zimbabwe,675300,625700,653700,790100,788900,651000,607976,308096,250532,200857,225021,243022,239045,254783,264404,261480,258828,279347.618391502,320945.999810999,351564,301260,370165,378803,282539,282539
